{"cameraMode":{"drawMode":0,"name":"Shaded","section":"Shading Mode"},"sceneLighting":true,"audioPlay":false,"sceneViewState":{"showFog":false,"showMaterialUpdate":false,"showSkybox":false,"showFlares":false,"showImageEffects":false,"showParticleSystems":true},"in2DMode":false,"pivot":{"x":-615.9140625,"y":-1689.752197265625,"z":3362.1806640625},"rotation":{"x":-0.23585961759090424,"y":0.4976848363876343,"z":-0.14274774491786958,"w":-0.8223764896392822},"size":6598.69189453125,"orthographic":false}